family	label	p2	p4	source_code	name_he	source	kcal	protein_g	protein_share	fiber_g	moisture	dry?	raw?	fiber?	outlier?	rec?	srv0?	eligible	has_serving	band	rank	flags	components	kosher_default	quality_default
17	poultry	24	2420	1000	בשר הודו, לבן או אדום, מבושל, נאכל ללא עור	ingredient	149.7	30.9	0.826	0.0	65.2	0	0	0	0	0	0	0	1	1	1			meat	3
17	poultry	24	2412	801	בשר עוף, חזה, ללא עצם, בגריל, נאכל עם עור	ingredient	187.3	29.5	0.630	0.0	60.8	0	0	0	0	0	0	0	1	1	2			meat	3
17	poultry	24	2412	804	בשר עוף, חזה, ללא עצם, צלוי, נאכל עם עור	ingredient	187.3	29.5	0.630	0.0	61.9	0	0	0	0	0	0	0	1	1	3			meat	3
17	poultry	24	2420	1012	בשר הודו, שוק, מבושל, נאכל ללא עור	ingredient	144.6	28.5	0.788	0.0	67.0	0	0	0	0	0	0	0	1	1	4			meat	3
17	poultry	24	2420	945	בשר הודו לבן, מבושל, נאכל עם עור	ingredient	163.6	28.3	0.692	0.0	65.0	0	0	0	0	0	0	0	1	1	5			meat	3
17	poultry	24	2420	960	בשר הודו לבן, צלוי, לפנ אם נאכל עם עור	ingredient	163.6	28.3	0.692	0.0	65.0	0	0	0	0	0	0	0	1	1	6			meat	3
17	poultry	24	2412	806	בשר עוף, חזה, ללא עצם, מבושל, נאכל עם עור	ingredient	175.4	27.2	0.620	0.0	65.7	0	0	0	0	0	0	0	1	1	7			meat	3
17	poultry	24	2414	863	בשר עוף, שוק, ללא עצם, מטוגן, ללא ציפוי, נאכל ללא עור	ingredient	181.7	27.2	0.599	0.0	63.6	0	0	0	0	0	0	0	1	1	8			meat	3
17	poultry	24	2416	891	בשר עוף, כנף, ללא עצם, בגריל, נאכל עם עור	ingredient	283.1	26.9	0.380	0.0	51.6	0	0	0	0	0	0	0	1	1	9			meat	3
17	poultry	24	2415	885	בשר עוף, ירך, ללא עצם, מטוגן, ללא ציפוי, נאכל עם עור	ingredient	254.2	25.9	0.408	0.0	55.8	0	0	0	0	0	0	0	1	1	10			meat	3
17	poultry	24	2415	871	בשר עוף, ירך, ללא עצם, בגריל, נאכל עם עור	industry	239.9	25.1	0.419	0.0	59.4	0	0	0	0	0	0	0	1	1	11			meat	3
17	poultry	24	2414	855	בשר עוף, שוק, ללא עצם, מבושל, נאכל עם עור	ingredient	191.4	24.0	0.502	0.0	65.2	0	0	0	0	0	0	0	1	1	12			meat	3
18	fish & seafood	26	2615	1337	דג פורל, מעושן	ingredient	241.0	35.5	0.589	0.0	52.1	0	0	0	0	0	0	0	1	1	1			parve	3
18	fish & seafood	26	2610	1147	דג אנשובי, משומר	ingredient	202.9	28.9	0.570	0.0	50.3	0	0	0	0	0	0	0	1	1	2			parve	3
18	fish & seafood	26	2610	9691	דג דניס-צ'יפורה, מבושל עם מלח	recipe	166.8	27.3	0.655			0	0	0	0	1	0	0	1	1	3	rec	דג דניס-צ'יפורה, לא מבושל, דג שאן	parve	3
18	fish & seafood	26	2610	9784	דג דניס בגריל, ללא ציפוי, ללא שמן	recipe	166.8	27.3	0.655			0	0	0	0	1	0	0	1	1	4	rec	דג דניס-צ'יפורה, לא מבושל, דג שאן	parve	3
18	fish & seafood	26	2610	9634	דג אמנון-מושט, מטוגן ללא שמן, ללא בלילה	recipe	173.2	27.1	0.626	0.0	63.6	0	0	0	0	1	0	0	1	1	5	rec	דג אמנון-מושט, דג בריכה ישראלי, לא מבושל · מלח	parve	3
18	fish & seafood	26	2615	10137	דג פורל, דג בריכה ישראלי, מבושל במים או באדים, עם מלח	recipe	186.9	25.8	0.552	0.0	62.9	0	0	0	0	1	0	0	1	1	6	rec	דג פורל, דג בריכה ישראלי, לא מבושל · מלח	parve	3
18	fish & seafood	26	2613	1294	דג פרידה מטוגן ללא שמן, ללא בלילה	recipe	136.1	25.7	0.755	0.0	68.6	0	0	0	0	1	0	0	1	1	7	rec	דג פרידה-סרגוס-לותיאן לא מבושל · מלח	parve	3
18	fish & seafood	26	2613	8509	דג סרדין סטאר בשמן סויה או שמן זית, יונה	industry	222.1	25.6	0.461		68.0	0	0	0	0	0	0	0	1	1	8			parve	3
18	fish & seafood	26	2612	1241	דג מקרל, מעושן	ingredient	192.0	25.5	0.531	0.0	61.3	0	0	0	0	0	0	0	1	1	9			parve	3
18	fish & seafood	26	2612	1269	דג נסיכת הנילוס מבושל	ingredient	127.1	25.3	0.796	0.0	70.6	0	0	0	0	0	0	0	1	1	10			parve	3
18	fish & seafood	26	2613	1316	דג סרדין, בגריל, ללא עצמות	industry	195.2	25.3	0.518	0.0	63.3	0	0	0	0	0	0	0	1	1	11			parve	3
18	fish & seafood	26	2615	1336	דג פורל, מבושל במים או באדים, עם מלח	ingredient	170.6	25.1	0.589	0.0	66.2	0	0	0	0	0	0	0	1	1	12			parve	3
19	beef, veal & lamb	21	2141	638	בשר בקר, פילה שריר, מבושל	recipe	313.0	35.5	0.454	0.0		0	0	0	0	1	0	0	1	1	1	rec	בשר בקר, פילה שריר, מבושל	meat	3
19	beef, veal & lamb	23	2320	751	בשר עגל, לפנ לנתח, מבושל, נאכל ללא שומן	ingredient	184.9	31.6	0.684	0.0	59.7	0	0	0	0	0	0	0	1	1	2			meat	3
19	beef, veal & lamb	21	2110	616	סטייק בשר בקר, מאודה, נאכל עם שומן	ingredient	242.0	30.8	0.509	0.0	54.3	0	0	0	0	0	0	0	1	1	3			meat	3
19	beef, veal & lamb	21	2140	628	בשר בקר, צלי, מאודה או מבושל, נאכל ללא שומן	ingredient	242.0	30.8	0.509	0.0	54.3	0	0	0	0	0	0	0	1	1	4			meat	3
19	beef, veal & lamb	23	2320	749	בשר עגל, לפנ לנתח, מבושל, נאכל עם שומן	ingredient	221.3	29.9	0.540	0.0	56.6	0	0	0	0	0	0	0	1	1	5			meat	3
19	beef, veal & lamb	23	2312	725	בשר כבש, נתחים שונים, אפוי בתנור	recipe	361.8	28.8	0.318			0	0	0	0	1	0	0	1	1	6	rec	בשר כבש, טרי, חלקים שונים, לא מבושל	meat	3
19	beef, veal & lamb	21	2110	614	סטייק בשר בקר, מטוגן, נאכל עם שומן	ingredient	182.9	28.4	0.621	0.0	62.2	0	0	0	0	0	0	0	1	1	7			meat	3
19	beef, veal & lamb	23	2320	777	שניצל בשר עגל, מצופה או מקומח, מטוגן, נאכל עם שומן	ingredient	232.2	27.3	0.470	0.3	51.3	0	0	0	0	0	0	0	1	1	8			meat	3
19	beef, veal & lamb	21	2140	627	בשר בקר, גולש, מבושל, בשר בלבד	industry	171.2	23.8	0.556	0.0	65.7	0	0	0	0	0	0	0	1	1	9			meat	3
19	beef, veal & lamb	23	2320	776	בשר עגל, סטייק, מבושל	industry	147.2	20.9	0.568	0.0	69.2	0	0	0	0	0	0	0	1	1	10			meat	3
20	dairy & cheese	14	1410	8609	גבינה צהובה 15% שומן, עמק	industry	255.8	30.0	0.469	0.0	52.8	0	0	0	0	0	0	0	1	1	1			dairy	3
20	dairy & cheese	14	1410	471	גבינת קשקבל/גאודה 27% שומן ,גלעד, תנובה, צוריאל	industry	338.2	28.0	0.331	0.0	44.7	0	0	0	0	0	0	0	1	1	2			dairy	3
20	dairy & cheese	14	1410	426	גבינה צהובה 32% שומן, טל העמק, תנובה	industry	396.8	27.0	0.272	0.0	38.8	0	0	0	0	0	0	0	1	1	3			dairy	3
20	dairy & cheese	14	1410	417	גבינת רוקפור 25% שומן, קולאג'/גליל, תנובה	industry	284.8	26.0	0.365	0.0	51.8	0	0	0	0	0	0	0	1	1	4			dairy	3
20	dairy & cheese	14	1420	520	גבינה לבנה 5% שומן, טבורוג ללא תוספת מלח, צוריאל	industry	121.0	14.0	0.463	0.0	74.0	0	0	0	0	0	0	0	1	1	5			dairy	3
20	dairy & cheese	14	1420	503	גבינת קוטג' 5%, שטראוס	industry	100.2	11.1	0.443	0.0	79.4	0	0	0	0	0	0	0	1	1	6			dairy	3
20	dairy & cheese	14	1420	496	גבינת קוטג' 9% שומן, תנובה	industry	127.8	10.5	0.329	0.0	77.8	0	0	0	0	0	0	0	1	1	7			dairy	3
20	dairy & cheese	14	1420	501	גבינת קוטג' 5% שומן, עם זיתים, תנובה	industry	93.8	10.4	0.443	0.2	81.3	0	0	0	0	0	0	0	1	1	8			dairy	3
20	dairy & cheese	14	1421	9514	גבינת שמנת, 5% טבעי/שום שמיר/טוסקנה, קרם שמנת, גד	industry	116.6	10.0	0.343	1.8	74.2	0	0	0	0	0	0	0	1	1	9			dairy	3
20	dairy & cheese	14	1410	431	גבינה צהובה 22% שומן, גלבוע, טרה, תנובה	industry	298.8	25.0	0.335	0.0	50.8	0	0	0	0	0	0	0	1	2	10			dairy	3
21	legumes & soy	41	4110	1625	פול מטוגן בנוסח מצרי	industry	401.6	26.3	0.262	17.7	8.5	0	0	0	0	0	0	0	1	1	1			parve	1
21	legumes & soy	41	4142	8265	נאטו (פולי סויה מותססים)	ingredient	216.6	17.7	0.327	5.4	55.0	0	0	0	0	0	1	0	0	1	2	srv0		parve	2
21	legumes & soy	41	4181	1796	שניצל מן הצומח, זוגלובק	industry	222.0	17.0	0.306	2.0	54.0	0	0	0	0	0	0	0	1	1	3			parve	1
21	legumes & soy	41	4181	1800	שניצל מן הצומח, סנפרוסט, טבעול	industry	203.0	16.0	0.315	4.0	59.0	0	0	0	0	0	0	0	1	1	4			parve	1
21	legumes & soy	41	4181	8866	שניצלונים מן הצומח, סוי ג'וי	industry	203.0	16.0	0.315	4.0	59.0	0	0	0	0	0	0	0	1	1	5			parve	1
21	legumes & soy	41	4181	8865	שניצל דק מן הצומח, ביתי/צ'ילי חריף, טבעול	industry	247.5	15.0	0.242	3.0	53.0	0	0	0	0	0	0	0	1	1	6			parve	1
21	legumes & soy	41	4142	8264	מיסו, מחית פולי סויה מרוכז	ingredient	196.0	11.7	0.239	5.4	43.0	0	0	0	0	0	0	0	1	1	7			parve	2
21	legumes & soy	41	4110	1605	שעועית לבנה יבשה מבושלת עם מלח, ללא תוספת שומן בבישול	ingredient	129.4	9.7	0.300	6.3	62.7	0	0	0	0	0	0	0	1	1	8			parve	1
21	legumes & soy	41	4110	8306	שעועית לבנה מבושלת, קפואה, סנפרוסט	industry	125.8	9.1	0.289	11.5	60.8	0	0	0	0	0	0	0	1	1	9			parve	1
21	legumes & soy	41	4110	8841	שעועית כל הסוגים, יבשה, מבושלת ללא תוספת שומן, עם מלח	ingredient	116.0	8.7	0.300	6.8	66.1	0	0	0	0	0	0	0	1	1	10			parve	1
21	legumes & soy	41	4181	9758	חזה בגריל, מן הצומח, מופחת שומן/90, טבעול	industry	137.0	11.5	0.336	4.5	65.5	0	0	0	0	0	0	0	1	2	11			parve	1
21	legumes & soy	41	4110	1615	שעועית שחורה יבשה, מבושלת ללא תוספת שומן בבישול, עם מלח	ingredient	116.2	8.1	0.279	8.3	65.4	0	0	0	0	0	0	0	1	2	12			parve	1
21	legumes & soy	41	4110	1624	שעועית לימה יבשה מבושלת ללא תוספת שמן	ingredient	104.0	7.8	0.300	7.0	69.4	0	0	0	0	0	0	0	1	2	13			parve	1
21	legumes & soy	41	4110	1617	פול טרי מבושל, ללא תוספת שומן בבישול, עם מלח	ingredient	101.2	7.6	0.300	5.4	71.1	0	0	0	0	0	0	0	1	2	14			parve	1
21	legumes & soy	41	4110	1621	פול טרי, עם תרמילים	ingredient	389.3	25.3	0.260	24.3	10.7	0	0	0	1	0	0	0	1	2	15	out		parve	1
21	legumes & soy	41	4181	1797	המבורגר, בורגר מן הצומח, טבע דלי	industry	224.2	15.0	0.268	7.0	53.4	0	0	0	1	0	0	0	1	2	16	out		parve	1
21	legumes & soy	41	4110	8305	שעועית אדומה מבושלת, מקפוא, סנפרוסט	industry	172.8	9.8	0.227	13.7	48.7	0	0	0	1	0	0	0	1	2	17	out		parve	1
21	legumes & soy	41	4110	8261	שעועית שחורה, מבושלת, ללא תוספת מלח ושומן בבישול	ingredient	152.3	8.9	0.234	8.7	65.7	0	0	0	1	0	0	0	1	2	18	out		parve	1
21	legumes & soy	41	4110	8303	פול ירוק, קפוא, סנפרוסט	industry	125.6	8.4	0.268	8.6	62.8	0	0	0	1	0	0	0	1	2	19	out		parve	1
21	legumes & soy	41	4110	1629	פול יבש, מבושל	ingredient	115.2	7.1	0.247	5.0	66.5	0	0	0	1	0	0	0	1	2	20	out		parve	1
21	legumes & soy	41	4142	1686	טופו מטוגן בשמן סויה	recipe	266.6	17.6	0.264	0.7	57.0	0	0	0	0	1	0	0	1	3	21	rec	טופו במרקם קשה, משק ווילר · שמן סויה · מלח	parve	2
21	legumes & soy	41	4142	1688	טופו מטוגן בשמן זית	recipe	266.6	17.6	0.264	0.7	57.0	0	0	0	0	1	0	0	1	3	22	rec	טופו במרקם קשה, משק ווילר · שמן זית · מלח	parve	2
21	legumes & soy	41	4142	9173	טופו מטוגן בשמן קנולה	recipe	266.6	17.6	0.264	0.7	57.0	0	0	0	0	1	0	0	1	3	23	rec	טופו במרקם קשה, משק ווילר · שמן ליפתית - קנולה · מלח	parve	2
21	legumes & soy	41	4142	1711	קציצות טופו וירקות אפויות	recipe	137.7	11.2	0.325	1.7	70.7	0	0	0	0	1	0	0	1	3	24	rec	טופו במרקם קשה, משק ווילר · קישואים, בהירים, חיים, עם קליפה (קליפה לא נאכלה) · ביצה שלמה בלי קליפה · גזר, טרי, בלי קליפה וקצוות · בצל לבן או אדום, טרי · קמח חיטה מלאה · פירורי לחם, אסם · פטרוזיליה, טריה, עלים · רוטב סויה קלאסי, אסם · מלח	parve	2
21	legumes & soy	41	4110	1606	סלט שעועית לבנה עם פטרוזיליה ומיץ לימון, ללא תוספת שמן	recipe	117.8	8.6	0.292	5.7	66.3	0	0	0	0	1	0	0	1	3	25	rec	שעועית לבנה יבשה מבושלת עם מלח, ללא תוספת שומן בבישול · מיץ לימון טבעי · פטרוזיליה, טריה, עלים · מלח	parve	1
21	legumes & soy	41	4130	10130	עדשים יבשים, מבושלים עם מלח, ושמן קנולה	recipe	133.8	8.6	0.257	7.6	65.9	0	0	0	0	1	0	0	1	3	26	rec	עדשים יבשים, מבושלים עם מלח, ללא תוספת שומן בבישול · שמן ליפתית - קנולה	parve	1
21	legumes & soy	41	4130	1667	וואט עדשים אתיופי	recipe	133.0	8.0	0.241	8.7	67.0	0	0	0	0	1	0	0	1	3	27	rec	מים, מי ברז (לא כולל מים מותפלים) · עדשים יבשים · בצל לבן או אדום, טרי · חמאה מזוככת, סמנה · פלפל חריף, אדום או ירוק, טרי · מלח · זנגוויל , שורש ללא קליפה · שום, טרי	parve	1
21	legumes & soy	41	4110	1623	פול טרי מבושל עם שמן זית	recipe	142.4	7.7	0.216	5.6	65.1	0	0	0	0	1	0	0	1	3	28	rec	פול טרי מבושל, ללא תוספת שומן בבישול, עם מלח · בצל לבן או אדום, טרי · שמן זית · כוסברה, טריה · שמיר, טרי · שום, טרי · מלח	parve	1
21	legumes & soy	41	4130	1670	עדשים מבושלים עם בצל ושמן סויה	recipe	120.0	7.5	0.250	6.7	68.9	0	0	0	0	1	0	0	1	3	29	rec	עדשים יבשים, מבושלים עם מלח, ללא תוספת שומן בבישול · בצל יבש טרי, מבושל עם מלח, ללא תוספת שומן בבישול · שמן סויה	parve	1
21	legumes & soy	41	4130	9182	עדשים מבושלים עם בצל ושמן קנולה	recipe	120.0	7.5	0.250	6.7	68.9	0	0	0	0	1	0	0	1	3	30	rec	עדשים יבשים, מבושלים עם מלח, ללא תוספת שומן בבישול · בצל יבש טרי, מבושל עם מלח, ללא תוספת שומן בבישול · שמן ליפתית - קנולה	parve	1
21	legumes & soy	41	4130	1663	אליצ'ה אפונה אתיופי	recipe	138.7	7.1	0.205	7.5	66.2	0	0	0	0	1	0	0	1	3	31	rec	מים, מי ברז (לא כולל מים מותפלים) · אפונה יבשה · בצל לבן או אדום, טרי · שמן ליפתית - קנולה · רסק עגבניות BX22 ללא תוספת מלח, יכין, פריכוז · זנגוויל , שורש ללא קליפה · שום, טרי · מלח	parve	1
21	legumes & soy	41	4110	1608	שעועית לבנה מבושלת ברסק עגבניות ושמן זית	recipe	137.9	7.0	0.203	4.7	66.4	0	0	0	0	1	0	0	1	3	32	rec	שעועית לבנה יבשה מבושלת עם מלח, ללא תוספת שומן בבישול · מים, מי ברז (לא כולל מים מותפלים) · רסק עגבניות BX22 ללא תוספת מלח, יכין, פריכוז · שמן זית · מלח	parve	1
21	legumes & soy	41	4110	1611	שעועית לבנה מבושלת ברסק עגבניות ושמן קנולה	recipe	137.9	7.0	0.203	4.7	66.4	0	0	0	0	1	0	0	1	3	33	rec	שעועית לבנה יבשה מבושלת עם מלח, ללא תוספת שומן בבישול · מים, מי ברז (לא כולל מים מותפלים) · רסק עגבניות BX22 ללא תוספת מלח, יכין, פריכוז · שמן ליפתית - קנולה · מלח	parve	1
21	legumes & soy	41	4110	9378	שעועית לבנה, יבשה, מבושלת ברסק עגבניות ושמן סויה	recipe	137.9	7.0	0.203	4.7	66.4	0	0	0	0	1	0	0	1	3	34	rec	שעועית לבנה יבשה מבושלת עם מלח, ללא תוספת שומן בבישול · מים, מי ברז (לא כולל מים מותפלים) · רסק עגבניות BX22 ללא תוספת מלח, יכין, פריכוז · שמן סויה · מלח	parve	1
